{
    "Accuracy": 0.52625,
    "Precision": 0.5227705259686103,
    "Recall": 0.52625,
    "Auc": 0.7075515933680648
}