{
    "Accuracy": 0.48175,
    "Precision": 0.5143796018487965,
    "Recall": 0.48175,
    "Auc": 0.6423048505015535
}