{
    "Accuracy": 0.5003125,
    "Precision": 0.5089783458636464,
    "Recall": 0.5003125,
    "Auc": 0.6771312367202785
}